Workbook
Name \A: #REF!
Name \B: #N/A
Name \C: #REF!
Name \D: '[5]19.11-12'!$B$51
Name \G: #REF!
Name \I: #REF!
Name \L: '[5]19.11-12'!$B$53
Name \M: #N/A
Name \N: #REF!
Name \Q: #N/A
Name \S: #N/A
Name \T: [4]GANADE10!$B$90
Name \x: [11]Arlleg01!$IR$8190
Name \z: [11]Arlleg01!$IR$8190
Name a: '[14]3.1'!#REF!
Name A_impresión_IM: #REF!
Name alk: '[5]19.11-12'!$B$53
Name AÑOSEÑA: #N/A
Name BUSCARC: #N/A
Name BUSCARG: #N/A
Name CARGA: #N/A
Name CHEQUEO: #N/A
Name CODCULT: #N/A
Name CODGRUP: #N/A
Name COSECHA: #N/A
Name CUAD: #N/A
Name CUADRO: #N/A
Name CULTSEÑA: #N/A
Name DECENA: #N/A
Name DESCARGA: #N/A
Name DESTINO: #N/A
Name EXPORTAR: #N/A
Name FILA: #N/A
Name GRUPSEÑA: #N/A
Name GUION: #REF!
Name hgvnhgj: '[14]3.1'!#REF!
Name IMP: #N/A
Name IMPR: #N/A
Name IMPRIMIR: #N/A
Name Imprimir_área_IM: #REF!
Name kkjkj: #REF!
Name l: '[14]3.1'!#REF!
Name LISTAS: #N/A
Name MENSAJE: #N/A
Name MENU: #N/A
Name NOMCULT: #N/A
Name NOMGRUP: #N/A
Name _p421: [6]CARNE1!$B$44
Name PEP: [7]GANADE1!$B$79
Name _PEP1: '[8]19.11-12'!$B$51
Name _PEP2: [7]GANADE1!$B$75
Name _PEP3: '[8]19.11-12'!$B$53
Name _PP1: [7]GANADE1!$B$77
Name _PP2: '[8]19.22'!#REF!
Name _PP3: [7]GANADE1!$B$79
Name _PP4: '[8]19.11-12'!$B$51
Name REGI: #N/A
Name REGISTRO: #N/A
Name RELLENAR: #N/A
Name REND1: #N/A

Sheet 2.1.2.1
A2: SUPERFICIES Y PRODUCCIONES DE CULTIVO
A5: 2.1.2.1 Trigo: Resumen regional de superficie, rendimiento y producción, 2023
B7: Superficie (ha) | E7: Rendimiento (Kg/ha) | G7: Producción (toneladas)
B8: Secano | C8: Regadío | D8: Total | E8: Secano | F8: Regadío | G8: Grano | H8: Paja cosechada
A10: Ávila | B10: 26236 | C10: 2938 | D10: =SUM(B10:C10) -> 29174 | E10: 911.99604 | F10: 5004 | G10: =(B10*E10+C10*F10)/1000 -> 38628.88 | H10: 11962
A11: Burgos | B11: 179425 | C11: 6245 | D11: =SUM(B11:C11) -> 185670 | E11: 2637.2895 | F11: 5072.2208 | G11: =(B11*E11+C11*F11)/1000 -> 504871.68 | H11: 171597
A12: León | B12: 29553 | C12: 15880 | D12: =SUM(B12:C12) -> 45433 | E12: 1224.9391 | F12: 6484.4197 | G12: =(B12*E12+C12*F12)/1000 -> 139173.21 | H12: 55670
A13: Palencia | B13: 95429 | C13: 21109 | D13: =SUM(B13:C13) -> 116538 | E13: 2528.4085 | F13: 5197.1257 | G13: =(B13*E13+C13*F13)/1000 -> 350989.62 | H13: 222946
A14: Salamanca | B14: 51583 | C14: 5953 | D14: =SUM(B14:C14) -> 57536 | E14: 2299.8969 | F14: 5999.58 | G14: =(B14*E14+C14*F14)/1000 -> 154351.08 | H14: 101918
A15: Segovia | B15: 60646 | C15: 3014 | D15: =SUM(B15:C15) -> 63660 | E15: 1565.6508 | F15: 3000 | G15: =(B15*E15+C15*F15)/1000 -> 103992.46 | H15: 62387
A16: Soria | B16: 88419 | C16: 4210 | D16: =SUM(B16:C16) -> 92629 | E16: 957.99464 | F16: 3100 | G16: =(B16*E16+C16*F16)/1000 -> 97755.928 | H16: 48878
A17: Valladolid | B17: 89251 | C17: 17525 | D17: =SUM(B17:C17) -> 106776 | E17: 1596.6158 | F17: 4919.9633 | G17: =(B17*E17+C17*F17)/1000 -> 228721.91 | H17: 32445
A18: Zamora | B18: 46656 | C18: 9042 | D18: =SUM(B18:C18) -> 55698 | E18: 1592.8496 | F18: 4441 | G18: =(B18*E18+C18*F18)/1000 -> 114471.51 | H18: 57237
A20: CASTILLA Y LEÓN | B20: =SUM(B10:B18) -> 667198 | C20: =SUM(C10:C18) -> 85916 | D20: =SUM(D10:D18) -> 753114 | E20: =(B10*E10+B11*E11+B12*E12+B13*E13+B14*E14+B15*E15+B16*E16+B17*E17+B18*E18)/B20 -> 1933.0295 | F20: =(C10*F10+C11*F11+C12*F12+C13*F13+C14*F14+C15*F15+C16*F16+C17*F17+C18*F18)/C20 -> 5159.0258 | G20: =(B20*E20+C20*F20)/1000 -> 1732956.3 | H20: =SUM(H10:H18) -> 765040

Sheet 2.1.2.2
A2: SUPERFICIES Y PRODUCCIONES DE CULTIVO
A5: 2.1.2.2. Trigo: Evolución provincial de la superficie (2010 - 2023)
A7: Años | B7: Superficie (ha)
B8: Ávila | C8: Burgos | D8: León | E8: Palencia | F8: Salamanca | G8: Segovia | H8: Soria | I8: Valladolid | J8: Zamora | K8: Castilla y León
A10: 2010 | B10: 30499 | C10: 204840 | D10: 46150 | E10: 95110 | F10: 59534 | G10: 55990 | H10: 96235 | I10: 50855 | J10: 57347 | K10: 696560
A11: 2011 | B11: 34687 | C11: 208121 | D11: 49413 | E11: 99584 | F11: 65812 | G11: 63150 | H11: 100917 | I11: 62763 | J11: 57187 | K11: 741634
A12: 2012 | B12: 32889 | C12: 219643 | D12: 53430 | E12: 112494 | F12: 65319 | G12: 66794 | H12: 100199 | I12: 71488 | J12: 61490 | K12: 783746
A13: 2013 | B13: 34120 | C13: 220982 | D13: 60224 | E13: 119384 | F13: 65759 | G13: 69894 | H13: 102011 | I13: 79214 | J13: 67871 | K13: 819459
A14: 2014 | B14: 38869 | C14: 233607 | D14: 62771 | E14: 125876 | F14: 76722 | G14: 71511 | H14: 106283 | I14: 94699 | J14: 74739 | K14: 885077
A15: 2015 | B15: 39214 | C15: 214211 | D15: 57607 | E15: 127182 | F15: 72952 | G15: 73299 | H15: 103555 | I15: 101092 | J15: 76170 | K15: 865282
A16: 2016 | B16: 38921 | C16: 232314 | D16: 58765 | E16: 132696 | F16: 75382 | G16: 74627 | H16: 108324 | I16: 111064 | J16: 72810 | K16: 904903
A17: 2017 | B17: 35880 | C17: 220567 | D17: 62635 | E17: 128471 | F17: 60339 | G17: 74448 | H17: 96535 | I17: 108595 | J17: 71167 | K17: 858637
A18: 2018 | B18: 34914 | C18: 223392 | D18: 65671 | E18: 130666 | F18: 71513 | G18: 72762 | H18: 100921 | I18: 109602 | J18: 68184 | K18: 877625
A19: 2019 | B19: 33257 | C19: 211108 | D19: 51622 | E19: 114418 | F19: 57844 | G19: 71677 | H19: 98709 | I19: 100384 | J19: 62847 | K19: 801866
A20: 2020 | B20: 33504 | C20: 184512 | D20: 53660 | E20: 118163 | F20: 69243 | G20: 66664 | H20: 87757 | I20: 105117 | J20: 69636 | K20: 788256
A21: 2021 | B21: 36833 | C21: 226802 | D21: 51362 | E21: 138097 | F21: 72839 | G21: 76902 | H21: 115405 | I21: 118996 | J21: 70616 | K21: 907852
A22: 2022 | B22: 36151 | C22: 211245 | D22: 59097 | E22: 137192 | F22: 70526 | G22: 69503 | H22: 111510 | I22: 123250 | J22: 76821 | K22: 895295
A23: 2023 | B23: {=TRANSPOSE('2.1.2.1'!D10:D18)} -> 29174 | C23: 185670 | D23: 45433 | E23: 116538 | F23: 57536 | G23: 63660 | H23: 92629 | I23: 106776 | J23: 55698 | K23: ='2.1.2.1'!D20 -> 753114

Sheet 2.1.2.3
A2: SUPERFICIES Y PRODUCCIONES DE CULTIVO
A5: 2.1.2.3. Trigo: Evolución provincial de la producción (2010- 2023)
A7: Años | B7: Producción (t)
B8: Ávila | C8: Burgos | D8: León | E8: Palencia | F8: Salamanca | G8: Segovia | H8: Soria | I8: Valladolid | J8: Zamora | K8: Castilla y León
A10: 2010 | B10: 79060.155 | C10: 893478.46 | D10: 186903.4 | E10: 346229.71 | F10: 167953.89 | G10: 187456.4 | H10: 370080.6 | I10: 164350.27 | J10: 129317.23 | K10: 2524830.1
A11: 2011 | B11: 122892.26 | C11: 954635.04 | D11: 200159.05 | E11: 415279.49 | F11: 238640.05 | G11: 224616 | H11: 396674.93 | I11: 239276.26 | J11: 188760.05 | K11: 2980933.1
A12: 2012 | B12: 73610.5 | C12: 848990.47 | D12: 212407.25 | E12: 308954.59 | F12: 173648.47 | G12: 155086.79 | H12: 139309.21 | I12: 188361.48 | J12: 181945.3 | K12: 2282314.1
A13: 2013 | B13: 106992.94 | C13: 1044140 | D13: 268408.73 | E13: 537470.63 | F13: 226811.5 | G13: 253037.58 | H13: 410688.06 | I13: 330110.11 | J13: 265530.82 | K13: 3443190.4
A14: 2014 | B14: 72308.917 | C14: 977237.81 | D14: 222723.86 | E14: 420471.33 | F14: 184430.93 | G14: 160046.16 | H14: 299746.13 | I14: 270698.57 | J14: 176672.34 | K14: 2784336.1
A15: 2015 | B15: 104344.72 | C15: 824401.94 | D15: 243910.8 | E15: 451841.02 | F15: 197381.83 | G15: 186050.96 | H15: 290747.65 | I15: 326876.84 | J15: 211217.98 | K15: 2836773.7
A16: 2016 | B16: 126872.26 | C16: 1099547.8 | D16: 292423.29 | E16: 623832.41 | F16: 304261.02 | G16: 246853.88 | H16: 419606.3 | I16: 551756.25 | J16: 315149.69 | K16: 3980302.9
A17: 2017 | B17: 27930.201 | C17: 592471.82 | D17: 135042.23 | E17: 194930.59 | F17: 80515.043 | G17: 79089.443 | H17: 173144.22 | I17: 136161.37 | J17: 85791.666 | K17: 1505076.6
A18: 2018 | B18: 120199.38 | C18: 1026594.8 | D18: 319786.88 | E18: 555754.11 | F18: 289097.55 | G18: 231744.95 | H18: 370382.05 | I18: 442456.81 | J18: 259519.89 | K18: 3615536.4
A19: 2019 | B19: 51848.237 | C19: 798085.05 | D19: 183774.33 | E19: 365437.03 | F19: 108712.84 | G19: 156730.39 | H19: 305396.14 | I19: 210558.87 | J19: 159112.98 | K19: 2339655.9
A20: 2020 | B20: 146160.17 | C20: 967007.56 | D20: 244967 | E20: 454754.22 | F20: 287132.77 | G20: 270593.26 | H20: 381549.58 | I20: 516277.02 | J20: 301109.94 | K20: 3569551.5
A21: 2021 | B21: 125471.02 | C21: 1125896.5 | D21: 219624.89 | E21: 628456.88 | F21: 264765.35 | G21: 271030.37 | H21: 482031.43 | I21: 481529.09 | J21: 284529.91 | K21: 3883335.4
A22: 2022 | B22: 75418.953 | C22: 713607.04 | D22: 199461.81 | E22: 503486.89 | F22: 207313.57 | G22: 166734.5 | H22: 256330.77 | I22: 360023.84 | J22: 147179.38 | K22: 2629556.8
A23: 2023 | B23: {=TRANSPOSE('2.1.2.1'!G10:G18)} -> 38628.88 | C23: 504871.68 | D23: 139173.21 | E23: 350989.62 | F23: 154351.08 | G23: 103992.46 | H23: 97755.928 | I23: 228721.91 | J23: 114471.51 | K23: ='2.1.2.1'!G20 -> 1732956.3

Sheet 2.1.2.4 
A2: SUPERFICIES Y PRODUCCIONES DE CULTIVO
A5: 2.1.2.4. Trigo: Evolución de superficie, producción y precio (2010- 2023)
A7: Años | B7: Superficie (ha) | C7: Producción (t) | D7: Precio medio percibido por los agricultores (euros/100kg)*
A10: 2010 | B10: 696560 | C10: 2524830.1 | D10: 17.42
A11: 2011 | B11: 741634 | C11: 2980977 | D11: 20.52
A12: 2012 | B12: 783746 | C12: 2282314.1 | D12: 23.87
A13: 2013 | B13: 819459 | C13: 3443190.4 | D13: 19.23
A14: 2014 | B14: 885077 | C14: 2784336.1 | D14: 17.44
A15: 2015 | B15: 865282 | C15: 2836773.7 | D15: 17.59
A16: 2016 | B16: 904903 | C16: 3980302.9 | D16: 15.08
A17: 2017 | B17: 858637 | C17: 1505076.6 | D17: 17.29
A18: 2018 | B18: 877625 | C18: 3615536.4 | D18: 17.94
A19: 2019 | B19: 801866 | C19: 2339655.9 | D19: 18.24
A20: 2020 | B20: 788256 | C20: 3569551.5 | D20: 18.07
A21: 2021 | B21: 907852 | C21: 3883335.4 | D21: 23.16
A22: 2022 | B22: 895295 | C22: 2629556.8 | D22: 33.15
A23: 2023 | B23: ='2.1.2.1'!D20 -> 753114 | C23: ='2.1.2.1'!G20 -> 1732956.3 | D23: 25.88
A25: * Se trata de precios percibidos de trigo blando.

Sheet 2.1.2.5
A2: SUPERFICIES Y PRODUCCIONES DE CULTIVO
A5: 2.1.2.5. Trigo: Evolución provincial de la superficie de secano y regadío (2010- 2023)
A7: Años | B7: Superficie (ha)
B8: Avila | D8: Burgos | F8: León | H8: Palencia | J8: Salamanca
B9: Secano | C9: Regadío | D9: Secano | E9: Regadío | F9: Secano | G9: Regadío | H9: Secano | I9: Regadío | J9: Secano | K9: Regadío
A11: 2010 | B11: 28110 | C11: 2389 | D11: 199639 | E11: 5201 | F11: 27197 | G11: 18953 | H11: 77749 | I11: 17361 | J11: 54761 | K11: 4773
A12: 2011 | B12: 30773 | C12: 3914 | D12: 202653 | E12: 5468 | F12: 28223 | G12: 21190 | H12: 82639 | I12: 16945 | J12: 61265 | K12: 4547
A13: 2012 | B13: 29624 | C13: 3265 | D13: 213742 | E13: 5901 | F13: 32755 | G13: 20675 | H13: 93748 | I13: 18746 | J13: 61045 | K13: 4274
A14: 2013 | B14: 30091 | C14: 4029 | D14: 215215 | E14: 5767 | F14: 36570 | G14: 23654 | H14: 99429 | I14: 19955 | J14: 61326 | K14: 4433
A15: 2014 | B15: 34655 | C15: 4214 | D15: 227737 | E15: 5870 | F15: 39981 | G15: 22790 | H15: 105586 | I15: 20290 | J15: 70028 | K15: 6694
A16: 2015 | B16: 35613 | C16: 3601 | D16: 207527 | E16: 6684 | F16: 36693 | G16: 20914 | H16: 105348 | I16: 21834 | J16: 66703 | K16: 6249
A17: 2016 | B17: 35135 | C17: 3786 | D17: 225294 | E17: 7020 | F17: 36517 | G17: 22248 | H17: 109210 | I17: 23486 | J17: 67984 | K17: 7398
A18: 2017 | B18: 33245 | C18: 2635 | D18: 213636 | E18: 6931 | F18: 32607 | G18: 30028 | H18: 104679 | I18: 23792 | J18: 54042 | K18: 6297
A19: 2018 | B19: 32030 | C19: 2884 | D19: 216499 | E19: 6893 | F19: 34941 | G19: 30730 | H19: 105975 | I19: 24691 | J19: 64039 | K19: 7474
A20: 2019 | B20: 30490 | C20: 2767 | D20: 204866 | E20: 6242 | F20: 30153 | G20: 21469 | H20: 94179 | I20: 20239 | J20: 51924 | K20: 5920
A21: 2020 | B21: 30496 | C21: 3008 | D21: 178795 | E21: 5717 | F21: 34029 | G21: 19631 | H21: 96822 | I21: 21341 | J21: 62966 | K21: 6277
A22: 2021 | B22: 33276 | C22: 3557 | D22: 219847 | E22: 6955 | F22: 33327 | G22: 18035 | H22: 113403 | I22: 24694 | J22: 66610 | K22: 6229
A23: 2022 | B23: 33122 | C23: 3029 | D23: 204297 | E23: 6948 | F23: 38142 | G23: 20955 | H23: 112221 | I23: 24971 | J23: 63722 | K23: 6804
A24: 2023 | B24: ='2.1.2.1'!B10 -> 26236 | C24: ='2.1.2.1'!C10 -> 2938 | D24: ='2.1.2.1'!B11 -> 179425 | E24: ='2.1.2.1'!C11 -> 6245 | F24: ='2.1.2.1'!B12 -> 29553 | G24: ='2.1.2.1'!C12 -> 15880 | H24: ='2.1.2.1'!B13 -> 95429 | I24: ='2.1.2.1'!C13 -> 21109 | J24: ='2.1.2.1'!B14 -> 51583 | K24: ='2.1.2.1'!C14 -> 5953
A26: Años | B26: Superficie (ha)
B27: Segovia | D27: Soria | E27: Palencia | F27: Valladolid | H27: Zamora | J27: Castilla y León
B28: Secano | C28: Regadío | D28: Secano | E28: Regadío | F28: Secano | G28: Regadío | H28: Secano | I28: Regadío | J28: Secano | K28: Regadío
A30: 2010 | B30: 54408 | C30: 1582 | D30: 93101 | E30: 3134 | F30: 41636 | G30: 9219 | H30: 51463 | I30: 5884 | J30: 646161 | K30: 71883
A31: 2011 | B31: 60756 | C31: 2394 | D31: 97593 | E31: 3324 | F31: 50026 | G31: 12737 | H31: 50432 | I31: 6755 | J31: 664360 | K31: 77274
A32: 2012 | B32: 64195 | C32: 2599 | D32: 96889 | E32: 3310 | F32: 57472 | G32: 14016 | H32: 54348 | I32: 7142 | J32: 703818 | K32: 79928
A33: 2013 | B33: 66615 | C33: 3279 | D33: 98437 | E33: 3574 | F33: 64723 | G33: 14491 | H33: 60357 | I33: 7514 | J33: 732763 | K33: 86696
A34: 2014 | B34: 67894 | C34: 3617 | D34: 102874 | E34: 3409 | F34: 78212 | G34: 16487 | H34: 66615 | I34: 8124 | J34: 793582 | K34: 91495
A35: 2015 | B35: 69310 | C35: 3989 | D35: 99455 | E35: 4100 | F35: 83072 | G35: 18020 | H35: 67101 | I35: 9069 | J35: 770822 | K35: 94460
A36: 2016 | B36: 70087 | C36: 4540 | D36: 104446 | E36: 3878 | F36: 91981 | G36: 19083 | H36: 64318 | I36: 8492 | J36: 804972 | K36: 99931
A37: 2017 | B37: 70436 | C37: 4012 | D37: 92011 | E37: 4524 | F37: 90393 | G37: 18202 | H37: 61628 | I37: 9539 | J37: 752677 | K37: 105960
A38: 2018 | B38: 68581 | C38: 4181 | D38: 96878 | E38: 4043 | F38: 92283 | G38: 17319 | H38: 57198 | I38: 10986 | J38: 768424 | K38: 109201
A39: 2019 | B39: 67579 | C39: 4098 | D39: 94460 | E39: 4249 | F39: 84377 | G39: 16007 | H39: 54838 | I39: 8009 | J39: 712866 | K39: 89000
A40: 2020 | B40: 62721 | C40: 3943 | D40: 83951 | E40: 3806 | F40: 88394 | G40: 16723 | H40: 60739 | I40: 8897 | J40: 698913 | K40: 89343
A41: 2021 | B41: 72501 | C41: 4401 | D41: 110101 | E41: 5304 | F41: 99465 | G41: 19531 | H41: 61539 | I41: 9077 | J41: =B22+D22+F22+H22+J22+B41+D41+F41+H41 -> 810069 | K41: =C22+E22+G22+I22+K22+C41+E41+G41+I41 -> 97783
A42: 2022 | B42: 64879 | C42: 4624 | D42: 106461 | E42: 5049 | F42: 103064 | G42: 20186 | H42: 67169 | I42: 9652 | J42: 793077 | K42: 102218
A43: 2023 | B43: ='2.1.2.1'!B15 -> 60646 | C43: ='2.1.2.1'!C15 -> 3014 | D43: ='2.1.2.1'!B16 -> 88419 | E43: ='2.1.2.1'!C16 -> 4210 | F43: ='2.1.2.1'!B17 -> 89251 | G43: ='2.1.2.1'!C17 -> 17525 | H43: ='2.1.2.1'!B18 -> 46656 | I43: ='2.1.2.1'!C18 -> 9042 | J43: ='2.1.2.1'!B20 -> 667198 | K43: ='2.1.2.1'!C20 -> 85916

Sheet 2.1.2.6
A2: SUPERFICIES Y PRODUCCIONES DE CULTIVO
A5: 2.1.2.6. Trigo: Evolución provincial de rendimientos en secano y regadío (2010 - 2023)
A7: Años | B7: Rendimientos (Kg/ha)
B8: Avila | D8: Burgos | F8: León | H8: Palencia | J8: Salamanca
B9: Secano | C9: Regadío | D9: Secano | E9: Regadío | F9: Secano | G9: Regadío | H9: Secano | I9: Regadío | J9: Secano | K9: Regadío
A11: 2010 | B11: 2490 | C11: 3795 | D11: 4340 | E11: 5200 | F11: 2900 | G11: 5700 | H11: 3262.34 | I11: 5332.99 | J11: 2755 | K11: 3580
A12: 2011 | B12: 3383 | C12: 4800 | D12: 4572.1663 | E12: 5140 | F12: 2850 | G12: 5650 | H12: 3887 | I12: 5551 | J12: 3559.4246 | K12: 4530
A13: 2012 | B13: 1999.9764 | C13: 4399.1424 | D13: 3833.9492 | E13: 5001.6099 | F13: 2950 | G13: 5600 | H13: 2470.8737 | I13: 4124.3532 | J13: 2561.9706 | K13: 4036.7272
A14: 2013 | B14: 2905.9274 | C14: 4852.489 | D14: 4700.0015 | E14: 5657.9112 | F14: 3199.9852 | G14: 6399.986 | H14: 4317.996 | I14: 5419.0228 | J14: 3395 | K14: 4198
A15: 2014 | B15: 1686.9633 | C15: 3286 | D15: 4168.2353 | E15: 4766 | F15: 2099.9775 | G15: 6088.8399 | H15: 3032.0581 | I15: 4944.724 | J15: 2367.8371 | K15: 2781.0034
A16: 2015 | B16: 2489 | C16: 4361 | D16: 3798.8402 | E16: 5391.9838 | F16: 2999.6893 | G16: 6399.694 | H16: 3161.9092 | I16: 5438.317 | J16: 2590 | K16: 3940
A17: 2016 | B17: 3145.8118 | C17: 4317 | D17: 4707.233 | E17: 5560.751 | F17: 3859.6918 | G17: 6808.6537 | H17: 4460.8851 | I17: 5818.7493 | J17: 3916.1934 | K17: 5139.5681
A18: 2017 | B18: 575 | C18: 3345.0953 | D18: 2659.1258 | E18: 3518.5144 | F18: 597.98574 | G18: 3847.8655 | H18: 1125.0869 | I18: 3243.0067 | J18: 1170.6804 | K18: 2739.2619
A19: 2018 | B19: 3317 | C19: 4839.0659 | D19: 4577.7054 | E19: 5153.9459 | F19: 3531.7819 | G19: 6390.5919 | H19: 3889.2476 | I19: 5815.5236 | J19: 3914.3459 | K19: 5141.3902
A20: 2019 | B20: 1361 | C20: 3741 | D20: 3723.9606 | E20: 5634.753 | F20: 1653.5838 | G20: 6237.5433 | H20: 2726.9317 | I20: 5366.734 | J20: 1637.9054 | K20: 3997.6753
A21: 2020 | B21: 4206 | C21: 5948.8022 | D21: 5214.8975 | E21: 6053.8672 | F21: 3504.6146 | G21: 6403.5694 | H21: 3597.9424 | I21: 4985.4386 | J21: 4007.6506 | K21: 5541.985
A22: 2021 | B22: 3195.9546 | C22: 5376 | D22: 4921.553 | E22: 6313.1284 | F22: 3099.958 | G22: 6449.2703 | H22: 4189.794 | I22: 6208.863 | J22: 3468.9827 | K22: 5409.6023
A23: 2022 | B23: 1855.4213 | C23: 4610 | D23: 3309.8499 | E23: 5384.9499 | F23: 1949.941 | G23: 5969.3228 | H23: 3207.2654 | I23: 5749.2433 | J23: 2669.9604 | K23: 5464.1905
A24: 2023 | B24: ='2.1.2.1'!E10 -> 911.99604 | C24: ='2.1.2.1'!F10 -> 5004 | D24: ='2.1.2.1'!E11 -> 2637.2895 | E24: ='2.1.2.1'!F11 -> 5072.2208 | F24: ='2.1.2.1'!E12 -> 1224.9391 | G24: ='2.1.2.1'!F12 -> 6484.4197 | H24: ='2.1.2.1'!E13 -> 2528.4085 | I24: ='2.1.2.1'!F13 -> 5197.1257 | J24: ='2.1.2.1'!E14 -> 2299.8969 | K24: ='2.1.2.1'!F14 -> 5999.58
A27: Años | B27: Rendimientos (Kg/ha)
B28: Segovia | C28: Burgos | D28: Soria | E28: Palencia | F28: Valladolid | G28: Segovia | H28: Zamora | I28: Valladolid | J28: Castilla y León | K28: Castilla-León
B29: Secano | C29: Regadío | D29: Secano | E29: Regadío | F29: Secano | G29: Regadío | H29: Secano | I29: Regadío | J29: Secano | K29: Regadío
A31: 2010 | B31: 3300 | C31: 5000 | D31: 3800 | E31: 5200 | F31: 2900 | G31: 4730 | H31: 1999 | I31: 4494 | J31: 3465.8145 | K31: 5081.707
A32: 2011 | B32: 3500 | C32: 5000 | D32: 3895 | E32: 4979 | F32: 3510 | G32: 5000 | H32: 3098.6675 | I32: 4807.1303 | J32: 3875.9464 | K32: 5253.4253
A33: 2012 | B33: 2561.9706 | C33: 4036.7272 | D33: 1310.8054 | E33: 3718 | F33: 2227.33 | G33: 4305.963 | H33: 2692.3841 | I33: 4987.3435 | J33: 2710.7544 | K33: 4684.67
A34: 2013 | B34: 3395 | C34: 4198 | D34: 3999.9929 | E34: 4740 | F34: 3952.0354 | G34: 5128.875 | H34: 3777.9721 | I34: 4991.1845 | J34: 4054.3596 | K34: 5447.8371
A35: 2014 | B35: 2367.8371 | C35: 2781.0034 | D35: 2773.8535 | E35: 4220.8055 | F35: 2620 | G35: 3990 | H35: 2173.2752 | I35: 3926.5894 | J35: 2977.036 | K35: 4610.2394
A36: 2015 | B36: 2590 | C36: 3940 | D36: 2754.9768 | E36: 4085.7141 | F36: 2770 | G36: 5370 | H36: 2472.091 | I36: 4999.2502 | J36: 3029.2425 | K36: 5311.952
A37: 2016 | B37: 3916.1934 | C37: 5139.5681 | D37: 3839.3993 | E37: 4795.3584 | F37: 4762.207 | G37: 5959.4239 | H37: 4244.7081 | I37: 4962.1477 | J37: 4231.3808 | K37: 5745.5632
A38: 2017 | B38: 1170.6804 | C38: 2739.2619 | D38: 1698.4371 | E38: 3728.8508 | F38: 719.87534 | G38: 3905.5972 | H38: 797.51113 | I38: 3841.3513 | J38: 1494.4854 | K38: 3588.2574
A39: 2018 | B39: 3914.3459 | C39: 5141.3902 | D39: 3625.4594 | E39: 4737.768 | F39: 3849.2265 | G39: 5037.164 | H39: 3483.8962 | I39: 5484.0706 | J39: 3906.5174 | K39: 5619.6803
A40: 2019 | B40: 1637.9054 | C40: 3997.6753 | D40: 3012.1115 | E40: 4912.2353 | F40: 1762.2757 | G40: 3864.7677 | H40: 2209.6195 | I40: 4737.4043 | J40: 2655.3584 | K40: 5019.5636
A41: 2020 | B41: 4007.6506 | C41: 5541.985 | D41: 4272.9816 | E41: 5998.0294 | F41: 4702.1655 | G41: 6017.6884 | H41: 4079.4949 | I41: 5993.6495 | J41: 4369.149 | K41: 5774.3361
A42: 2021 | B42: 3468.9827 | C42: 5409.6023 | D42: 4120.9796 | E42: 5337 | F42: 3777.8057 | G42: 5415.4751 | H42: 3751.4277 | I42: 5912.835 | J42: 4085.4016 | K42: 5868.8954
A43: 2022 | B43: 2249.8343 | C43: 4491.2413 | D43: 2170.9867 | E43: 4992.1481 | F43: 2530.2469 | G43: 4916.599 | H43: 1602.0339 | I43: 4099.913 | J43: 2632.2247 | K43: 5302.3917
A44: 2023 | B44: ='2.1.2.1'!E15 -> 1565.6508 | C44: ='2.1.2.1'!F15 -> 3000 | D44: ='2.1.2.1'!E16 -> 957.99464 | E44: ='2.1.2.1'!F16 -> 3100 | F44: ='2.1.2.1'!E17 -> 1596.6158 | G44: ='2.1.2.1'!F17 -> 4919.9633 | H44: ='2.1.2.1'!E18 -> 1592.8496 | I44: ='2.1.2.1'!F18 -> 4441 | J44: ='2.1.2.1'!E20 -> 1933.0295 | K44: ='2.1.2.1'!F20 -> 5159.0258

Sheet 2.1.2.7
A2: SUPERFICIES Y PRODUCCIONES DE CULTIVO
A5: 2.1.2.7. Trigo duro: Evolución provincial de la superficie y producción (2010 - 2023)
A7: Años | B7: Superficie (ha)
B8: Ávila | C8: Burgos | D8: León | E8: Palencia | F8: Salamanca | G8: Segovia | H8: Soria | I8: Valladolid | J8: Zamora | K8: Castilla y León
A10: 2010 | B10: 0 | C10: 1147 | D10: 30 | E10: 148 | F10: 115 | G10: 0 | H10: 88 | I10: 468 | J10: 119 | K10: 2115
A11: 2011 | B11: 0 | C11: 902 | D11: 64 | E11: 51 | F11: 47 | G11: 0 | H11: 80 | I11: 253 | J11: 66 | K11: 1463
A12: 2012 | B12: 3 | C12: 612 | D12: 35 | E12: 65 | F12: 69 | G12: 261 | H12: 145 | I12: 474 | J12: 112 | K12: 1776
A13: 2013 | B13: 25 | C13: 409 | D13: 29 | E13: 35 | F13: 38 | G13: 122 | H13: 6 | I13: 588 | J13: 124 | K13: 1376
A14: 2014 | B14: 6 | C14: 351 | D14: 50 | E14: 93 | F14: 54 | G14: 166 | H14: 58 | I14: 730 | J14: 97 | K14: 1605
A15: 2015 | B15: 0 | C15: 396 | D15: 51 | E15: 183 | F15: 62 | G15: 62 | H15: 161 | I15: 180 | J15: 56 | K15: =SUM(B15:J15) -> 1151
A16: 2016 | B16: 11 | C16: 884 | D16: 298 | E16: 736 | F16: 163 | G16: 150 | H16: 163 | I16: 1843 | J16: 199 | K16: 4447
A17: 2017 | B17: 99 | C17: 1185 | D17: 1255 | E17: 810 | F17: 349 | G17: 129 | H17: 454 | I17: 3143 | J17: 640 | K17: 8064
A18: 2018 | B18: 66 | C18: 623 | D18: 1040 | E18: 417 | F18: 155 | G18: 51 | H18: 162 | I18: 2038 | J18: 416 | K18: 4968
A19: 2019 | B19: 0 | C19: 649 | D19: 260 | E19: 339 | F19: 93 | G19: 67 | H19: 101 | I19: 1243 | J19: 238 | K19: 2990
A20: 2020 | B20: 5 | C20: 341 | D20: 180 | E20: 154 | F20: 55 | G20: 7 | H20: 17 | I20: 752 | J20: 165 | K20: 1676
A21: 2021 | B21: 7 | C21: 387 | D21: 44 | E21: 177 | F21: 40 | G21: 98 | H21: 2 | I21: 601 | J21: 94 | K21: =SUM(B21:J21) -> 1450
A22: 2022 | B22: 29 | C22: 462 | D22: 42 | E22: 158 | F22: 40 | G22: 70 | H22: 16 | I22: 561 | J22: 87 | K22: 1465
A23: 2023 | B23: 13 | C23: 368 | D23: 27 | E23: 93 | F23: 61 | G23: 56 | H23: 3 | I23: 296 | J23: 56 | K23: =SUM(B23:J23) -> 973
A25: Años | B25: Producción (t)
B26: Ávila | C26: Burgos | D26: León | E26: Palencia | F26: Salamanca | G26: Segovia | H26: Soria | I26: Valladolid | J26: Zamora | K26: Castilla y León
A28: 2010 | B28: 0 | C28: 2993 | D28: 137.4 | E28: 443.99984 | F28: 310.5 | G28: 0 | H28: 337.2 | I28: 1606.08 | J28: 208.8 | K28: 6036.9798
A29: 2011 | B29: 0 | C29: 2543.64 | D29: 322.4 | E29: 211.549 | F29: 132.07 | G29: 0 | H29: 313.768 | I29: 1004.25 | J29: 125.4 | K29: 4653.077
A30: 2012 | B30: 7.3 | C30: 1521.581 | D30: 180.1 | E30: 178 | F30: 176.926 | G30: 667.59 | H30: 171.245 | I30: 1433.709 | J30: 243.6 | K30: 4580.051
A31: 2013 | B31: 77.77 | C31: 1496.32 | D31: 127.13 | E31: 165.502 | F31: 129.01 | G31: 444.84 | H31: 23.298 | I31: 2679.706 | J31: 275.924 | K31: 5419.5
A32: 2014 | B32: 8.85 | C32: 1061.775 | D32: 264 | E32: 320.768 | F32: 125.986 | G32: 397.864 | H32: 149.5 | I32: 2244.14 | J32: 175.733 | K32: 4748.616
A33: 2015 | B33: 0 | C33: 1268.916 | D33: 244 | E33: 777.559 | F33: 180.83 | G33: 167.02 | H33: 343.444 | I33: 758.6 | J33: 80.8 | K33: =SUM(B33:J33) -> 3821.169
A34: 2016 | B34: 27.995 | C34: 3581.984 | D34: 1843.906 | E34: 3088.421 | F34: 565.036 | G34: 551.358 | H34: 458.16 | I34: 9846.654 | J34: 529.011 | K34: 20492.525
A35: 2017 | B35: 341.55 | C35: 2094.74 | D35: 3226.177 | E35: 1735.32 | F35: 679.088 | G35: 300.958 | H35: 453.129 | I35: 8318.02 | J35: 1985.58 | K35: =SUM(B35:J35) -> 19134.562
A36: 2018 | B36: 299.838 | C36: 2163.399 | D36: 6227.135 | E36: 2170.393 | F36: 622.852 | G36: 168.898 | H36: 438.5 | I36: 7905.406 | J36: 1974.004 | K36: 21970.425
A37: 2019 | B37: 0 | C37: 2191.999 | D37: 1277.798 | E37: 1252.714 | F37: 242.382 | G37: 191.15 | H37: 359.2 | I37: 4355.799 | J37: 719.942 | K37: 10590.984
A38: 2020 | B38: 29.15 | C38: 1606.951 | D38: 987 | E38: 834.02 | F38: 211.902 | G38: 22.26 | H38: 89.5 | I38: 3356.429 | J38: 802.98 | K38: 7940.192
A39: 2021 | B39: 20.86 | C39: 1642.8 | D39: 255.84 | E39: 601.251 | F39: 179.017 | G39: 317.4 | H39: 6 | I39: 2751.499 | J39: 371.358 | K39: =SUM(B39:J39) -> 6146.025
A40: 2022 | B40: 34.655 | C40: 1565.126 | D40: 198.12 | E40: 523.498 | F40: 160.681 | G40: 167 | H40: 50.6 | I40: 2260.764 | J40: 215.754 | K40: 5176.198
A41: 2023 | B41: 12 | C41: 1074 | D41: 122 | E41: 233 | F41: 151 | G41: 91 | H41: 2 | I41: 895 | J41: 159 | K41: =SUM(B41:J419) -> 2739

Sheet 2.1.2.8
A2: SUPERFICIES Y PRODUCCIONES DE CULTIVO
A5: 2.1.2.8. Trigo blando: Evolución provincial de la superficie y producción (2010- 2023)
A7: Años | B7: Superficie (ha)
B8: Ávila | C8: Burgos | D8: León | E8: Palencia | F8: Salamanca | G8: Segovia | H8: Soria | I8: Valladolid | J8: Zamora | K8: Castilla y León
A10: 2010 | B10: 30499 | C10: 203693 | D10: 46120 | E10: 94962 | F10: 59419 | G10: 55990 | H10: 96147 | I10: 50387 | J10: 57228 | K10: 694445
A11: 2011 | B11: 34687 | C11: 207219 | D11: 49349 | E11: 99533 | F11: 65765 | G11: 63150 | H11: 100837 | I11: 62510 | J11: 57121 | K11: 740171
A12: 2012 | B12: 32886 | C12: 219031 | D12: 53395 | E12: 112429 | F12: 65250 | G12: 66533 | H12: 100054 | I12: 71014 | J12: 61378 | K12: 781970
A13: 2013 | B13: 34095 | C13: 220573 | D13: 60195 | E13: 119349 | F13: 65721 | G13: 69772 | H13: 102005 | I13: 78626 | J13: 67747 | K13: 818083
A14: 2014 | B14: 38863 | C14: 233256 | D14: 62721 | E14: 125783 | F14: 76668 | G14: 71345 | H14: 106225 | I14: 93969 | J14: 74642 | K14: 883472
A15: 2015 | B15: 39214 | C15: 213815 | D15: 57556 | E15: 126999 | F15: 72890 | G15: 73237 | H15: 103394 | I15: 100912 | J15: 76114 | K15: =SUM(B15:J15) -> 864131
A16: 2016 | B16: 38910 | C16: 231430 | D16: 58467 | E16: 131960 | F16: 75219 | G16: 74477 | H16: 108161 | I16: 109221 | J16: 72611 | K16: 900456
A17: 2017 | B17: 35781 | C17: 219382 | D17: 61380 | E17: 127661 | F17: 59990 | G17: 74319 | H17: 96081 | I17: 105452 | J17: 70527 | K17: 850573
A18: 2018 | B18: 34848 | C18: 222769 | D18: 64631 | E18: 130249 | F18: 71358 | G18: 72711 | H18: 100759 | I18: 107564 | J18: 67768 | K18: 872657
A19: 2019 | B19: 33257 | C19: 210459 | D19: 51362 | E19: 114079 | F19: 57751 | G19: 71610 | H19: 98608 | I19: 99141 | J19: 62609 | K19: 798876
A20: 2020 | B20: 33499 | C20: 184171 | D20: 53480 | E20: 118009 | F20: 69188 | G20: 66657 | H20: 87740 | I20: 104365 | J20: 69471 | K20: 786580
A21: 2021 | B21: 36826 | C21: 226415 | D21: 51318 | E21: 137920 | F21: 72799 | G21: 76804 | H21: 115403 | I21: 118395 | J21: 70522 | K21: =SUM(B21:J21) -> 906402
A22: 2022 | B22: 36122 | C22: 210783 | D22: 59055 | E22: 137034 | F22: 70486 | G22: 69433 | H22: 111494 | I22: 122689 | J22: 76734 | K22: 893830
A23: 2023 | B23: 29161 | C23: 185302 | D23: 45406 | E23: 116445 | F23: 57475 | G23: 63604 | H23: 92626 | I23: 106480 | J23: 55642 | K23: =SUM(B23:J23) -> 752141
A25: Años | B25: Producción (t)
B26: Ávila | C26: Burgos | D26: León | E26: Palencia | F26: Salamanca | G26: Segovia | H26: Soria | I26: Valladolid | J26: Zamora | K26: Castilla y León
A28: 2010 | B28: 79060.155 | C28: 890485.4 | D28: 186766 | E28: 345785.65 | F28: 167643.34 | G28: 187456.4 | H28: 369743.4 | I28: 162744.19 | J28: 129108 | K28: 2518792.5
A29: 2011 | B29: 122892.26 | C29: 952125.1 | D29: 199836.65 | E29: 415067.94 | F29: 238533.99 | G29: 224616 | H29: 396361.16 | I29: 238272.01 | J29: 188618.77 | K29: 2976323.9
A30: 2012 | B30: 73603.2 | C30: 847468.89 | D30: 212227.15 | E30: 308776.59 | F30: 173471.54 | G30: 154419.2 | H30: 139137.96 | I30: 186927.77 | J30: 181701.7 | K30: 2277734
A31: 2013 | B31: 106992.94 | C31: 1044140 | D31: 268408.73 | E31: 537470.63 | F31: 226811.5 | G31: 253037.58 | H31: 410688.06 | I31: 330110.11 | J31: 265530.82 | K31: 3443190.4
A32: 2014 | B32: 72300.067 | C32: 976176.04 | D32: 222459.86 | E32: 420150.57 | F32: 184304.95 | G32: 159648.29 | H32: 299596.63 | I32: 268454.43 | J32: 176496.6 | K32: 2779587.4
A33: 2015 | B33: 104344.72 | C33: 823133.02 | D33: 243666.8 | E33: 451063.46 | F33: 197201 | G33: 185883.94 | H33: 290404.2 | I33: 326118.24 | J33: 211137.18 | K33: 2832952.6
A34: 2016 | B34: 126844.27 | C34: 1095965.8 | D34: 290579.39 | E34: 620743.99 | F34: 303695.98 | G34: 246302.52 | H34: 419148.14 | I34: 541909.59 | J34: 314620.68 | K34: 3959810.4
A35: 2017 | B35: 27588.651 | C35: 590377.08 | D35: 131816.05 | E35: 193195.27 | F35: 79835.955 | G35: 78788.485 | H35: 172691.09 | I35: 127843.35 | J35: 83806.086 | K35: 1485942
A36: 2018 | B36: 119899.54 | C36: 1024431.4 | D36: 313559.75 | E36: 553583.71 | F36: 288474.7 | G36: 231576.06 | H36: 369943.55 | I36: 434551.4 | J36: 257545.89 | K36: =SUM(B36:J36) -> 3593566
A37: 2019 | B37: 51848.237 | C37: 795893.05 | D37: 182496.53 | E37: 364184.31 | F37: 108470.45 | G37: 156539.24 | H37: 305036.94 | I37: 206203.08 | J37: 158393.04 | K37: 2329064.9
A38: 2020 | B38: 146131.02 | C38: 965400.61 | D38: 243980 | E38: 453920.21 | F38: 286920.86 | G38: 270571 | H38: 381460.08 | I38: 512920.59 | J38: 300306.96 | K38: 3561611.3
A39: 2021 | B39: 125450.16 | C39: 1124253.7 | D39: 219369.05 | E39: 627855.62 | F39: 264586.33 | G39: 270712.97 | H39: 482025.43 | I39: 478777.59 | J39: 284158.55 | K39: =SUM(B39:J39) -> 3877189.4
A40: 2022 | B40: 75384.298 | C40: 712041.92 | D40: 199263.69 | E40: 502963.39 | F40: 207152.89 | G40: 166567.5 | H40: 256280.17 | I40: 357763.08 | J40: 146963.62 | K40: 2624380.6
A41: 2023 | B41: 38617 | C41: 503797 | D41: 139051 | E41: 350757 | F41: 154200 | G41: 103902 | H41: 97754 | I41: 227827 | J41: 114312 | K41: =SUM(B41:J41) -> 1730217
